[
  {
    "id": "5c977358-0908-4929-a6e5-063c4a0d6eef",
    "data": [
      {
        "text": "I want to find a meeting room with a ",
        "userDefined": false
      },
      {
        "text": "projector",
        "alias": "Equipment",
        "meta": "@Equipment",
        "userDefined": true
      }
    ],
    "isTemplate": false,
    "count": 0,
    "updated": 1540547697
  },
  {
    "id": "b988b29f-9d66-4f91-84df-7c5112b3d5fc",
    "data": [
      {
        "text": "I want to book a meeting room ",
        "userDefined": false
      },
      {
        "text": "today",
        "alias": "date",
        "meta": "@sys.date",
        "userDefined": false
      },
      {
        "text": " ",
        "userDefined": false
      },
      {
        "text": "at 10AM",
        "alias": "time",
        "meta": "@sys.time",
        "userDefined": false
      },
      {
        "text": " for ",
        "userDefined": false
      },
      {
        "text": "2 hours",
        "alias": "duration",
        "meta": "@sys.duration",
        "userDefined": false
      },
      {
        "text": " and ",
        "userDefined": false
      },
      {
        "text": "8",
        "alias": "number",
        "meta": "@sys.number",
        "userDefined": false
      },
      {
        "text": " people.",
        "userDefined": false
      }
    ],
    "isTemplate": false,
    "count": 0,
    "updated": 1540547697
  },
  {
    "id": "574e7bd7-4fd4-4579-bc53-0ab3c199255d",
    "data": [
      {
        "text": "I need to book a room for ",
        "userDefined": false
      },
      {
        "text": "tomorrow",
        "alias": "date",
        "meta": "@sys.date",
        "userDefined": false
      },
      {
        "text": " ",
        "userDefined": false
      },
      {
        "text": "at 2PM",
        "alias": "time",
        "meta": "@sys.time",
        "userDefined": false
      },
      {
        "text": " for ",
        "userDefined": false
      },
      {
        "text": "4",
        "alias": "number",
        "meta": "@sys.number",
        "userDefined": false
      },
      {
        "text": " people",
        "userDefined": false
      }
    ],
    "isTemplate": false,
    "count": 0,
    "updated": 1540547697
  },
  {
    "id": "b37f9d68-d27f-429a-9c2b-0668e9b4bfcb",
    "data": [
      {
        "text": "Find me a new meeting place",
        "userDefined": false
      }
    ],
    "isTemplate": false,
    "count": 0,
    "updated": 1540547697
  },
  {
    "id": "c64f949d-2c75-4ad3-b8e9-3f1aba60a984",
    "data": [
      {
        "text": "I need a room",
        "userDefined": false
      }
    ],
    "isTemplate": false,
    "count": 0,
    "updated": 1540547697
  },
  {
    "id": "6a91e8d9-96f4-41ef-94ca-092460ac98ad",
    "data": [
      {
        "text": "Where I can sit",
        "userDefined": false
      }
    ],
    "isTemplate": false,
    "count": 0,
    "updated": 1540547697
  },
  {
    "id": "6764ee9f-166c-4858-abc7-1adf87ac513c",
    "data": [
      {
        "text": "Find me a room for my meeting",
        "userDefined": false
      }
    ],
    "isTemplate": false,
    "count": 0,
    "updated": 1540547697
  },
  {
    "id": "5da45dc4-4e34-489b-8792-03d726968092",
    "data": [
      {
        "text": "I want to book a meeting room",
        "userDefined": false
      }
    ],
    "isTemplate": false,
    "count": 0,
    "updated": 1540547697
  }
]