[
  {
    "id": "6771e869-248e-4536-9b47-16787de63bdb",
    "data": [
      {
        "text": "Book the ",
        "userDefined": false
      },
      {
        "text": "basement",
        "alias": "MeetingRoom",
        "meta": "@MeetingRoom",
        "userDefined": true
      },
      {
        "text": " room",
        "userDefined": false
      }
    ],
    "isTemplate": false,
    "count": 0,
    "updated": 1540553290
  },
  {
    "id": "e8c3d0b4-e6ba-471f-999d-5add8d9a6945",
    "data": [
      {
        "text": "Book ",
        "userDefined": false
      },
      {
        "text": "the executive suite",
        "alias": "MeetingRoom",
        "meta": "@MeetingRoom",
        "userDefined": true
      },
      {
        "text": ".",
        "userDefined": false
      }
    ],
    "isTemplate": false,
    "count": 0,
    "updated": 1540553290
  },
  {
    "id": "3f173ad6-7e3e-43c9-9dbc-9329d66e87ca",
    "data": [
      {
        "text": "Oh, the ",
        "userDefined": false
      },
      {
        "text": "executive suite",
        "alias": "MeetingRoom",
        "meta": "@MeetingRoom",
        "userDefined": true
      },
      {
        "text": " sound good for my meeting",
        "userDefined": false
      }
    ],
    "isTemplate": false,
    "count": 0,
    "updated": 1540553290
  },
  {
    "id": "cde785fe-4911-463d-a957-9a4976afc562",
    "data": [
      {
        "text": "The ",
        "userDefined": false
      },
      {
        "text": "penthouse",
        "alias": "MeetingRoom",
        "meta": "@MeetingRoom",
        "userDefined": true
      },
      {
        "text": " sound nice",
        "userDefined": false
      }
    ],
    "isTemplate": false,
    "count": 0,
    "updated": 1540553290
  },
  {
    "id": "8b75427c-4e82-41b0-a819-70741731f1ef",
    "data": [
      {
        "text": "Give me the ",
        "userDefined": false
      },
      {
        "text": "penthouse",
        "alias": "MeetingRoom",
        "meta": "@MeetingRoom",
        "userDefined": true
      }
    ],
    "isTemplate": false,
    "count": 0,
    "updated": 1540553290
  },
  {
    "id": "0a8e87aa-f3a0-4072-99b0-ece7845c7613",
    "data": [
      {
        "text": "I want the one on the ",
        "userDefined": false
      },
      {
        "text": "penthouse",
        "alias": "MeetingRoom",
        "meta": "@MeetingRoom",
        "userDefined": true
      }
    ],
    "isTemplate": false,
    "count": 0,
    "updated": 1540553290
  }
]