[
  {
    "id": "5bc67e43-e62f-4e05-8d42-c9debf52abd7",
    "data": [
      {
        "text": "I would like to see my schedule for ",
        "userDefined": false
      },
      {
        "text": "today",
        "alias": "date",
        "meta": "@sys.date",
        "userDefined": true
      }
    ],
    "isTemplate": false,
    "count": 0,
    "updated": 1540558395
  },
  {
    "id": "0594fde4-fdd1-41c7-84db-f8f2e41bc768",
    "data": [
      {
        "text": "What is my schedule for ",
        "userDefined": false
      },
      {
        "text": "tomorrow",
        "alias": "date",
        "meta": "@sys.date",
        "userDefined": false
      },
      {
        "text": "?",
        "userDefined": false
      }
    ],
    "isTemplate": false,
    "count": 0,
    "updated": 1540553755
  },
  {
    "id": "465c58b6-4b00-4103-bf4c-7056ce05cbfb",
    "data": [
      {
        "text": "what is my planning for ",
        "userDefined": false
      },
      {
        "text": "today",
        "alias": "date",
        "meta": "@sys.date",
        "userDefined": false
      },
      {
        "text": "?",
        "userDefined": false
      }
    ],
    "isTemplate": false,
    "count": 0,
    "updated": 1540553755
  },
  {
    "id": "73f17de2-91c8-4a75-98f4-1408cea25a29",
    "data": [
      {
        "text": "I want my schedule",
        "userDefined": false
      }
    ],
    "isTemplate": false,
    "count": 0,
    "updated": 1540553755
  },
  {
    "id": "e7098d46-03f5-46e5-a76b-5e6b6e9a3f82",
    "data": [
      {
        "text": "I need my schedule",
        "userDefined": false
      }
    ],
    "isTemplate": false,
    "count": 0,
    "updated": 1540553755
  }
]